"","Player","Pos","HT","WT","Age","Current Team", "YOS", "Pre-Draft Team", "Draft Status", "Nationality
"9","Precious Achiuwa","SF","6-8","243","26","Sacramento Kings","5","Memphis","2020 Rnd 1 Pick 20","Nigeria"
"12","Steven Adams","C","6-11","265","32","Houston Rockets","12","Pittsburgh","2013 Rnd 1 Pick 12","New Zealand"
"13","Bam Adebayo","C","6-9","255","28","Miami Heat","8","Kentucky","2017 Rnd 1 Pick 14","United States"
"30","Ochai Agbaji","SF","6-5","215","25","Toronto Raptors","3","Kansas","2022 Rnd 1 Pick 14","United States"
"7","Santi Aldama","C","7-0","215","24","Memphis Grizzlies","4","Loyola (MD)","2021 Rnd 1 Pick 30","Spain"
"23","Trey Alexander","SG","6-5","185","23","New Orleans Pelicans","1","Creighton","2024 NBA Draft, Undrafted","United States"
"7","Nickeil Alexander-Walker","SG","6-5","205","27","Atlanta Hawks","6","Virginia Tech","2019 Rnd 1 Pick 17","Canada"
"8","Grayson Allen","SG","6-3","198","30","Phoenix Suns","7","Duke","2018 Rnd 1 Pick 21","United States"
"31","Jarrett Allen","C","6-9","243","27","Cleveland Cavaliers","8","Texas","2017 Rnd 1 Pick 22","United States"
"15","Jose Alvarado","G","6-0","179","27","New Orleans Pelicans","4","Georgia Tech","2021 NBA Draft, Undrafted","United States","Puerto Rico"
"2","Kyle Anderson","PF","6-8","230","32","Utah Jazz","11","UCLA","2014 Rnd 1 Pick 30","United States","China"
"29","Alex Antetokounmpo","SF","6-8","214","24","Milwaukee Bucks","0","UCAM Murcia CB (Spain)","2021 NBA Draft, Undrafted","Greece","Nigeria"
"34","Giannis Antetokounmpo","F","6-11","243","30","Milwaukee Bucks","12","Filathlitikos Div II Greece (Greece)","2013 Rnd 1 Pick 15","Greece","Nigeria"
"43","Thanasis Antetokounmpo","SF","6-7","219","33","Milwaukee Bucks","6","Delaware 87ers","2014 Rnd 2 Pick 21","Greece","Nigeria"
"50","Cole Anthony","PG","6-2","185","25","Milwaukee Bucks","5","North Carolina","2020 Rnd 1 Pick 15","United States"
"8","OG Anunoby","SF","6-7","240","28","New York Knicks","8","Indiana","2017 Rnd 1 Pick 23","England","United States"
"8","Deni Avdija","SG","6-8","228","24","Portland Trail Blazers","5","Maccabi Tel Aviv U18 (Israel)","2020 Rnd 1 Pick 9","Israel"
"5","Deandre Ayton","C","7-0","252","27","Los Angeles Lakers","7","Arizona","2018 Rnd 1 Pick 1","Bahamas"
"35","Marvin Bagley III","PF","6-10","235","26","Washington Wizards","7","Duke","2018 Rnd 1 Pick 2","United States"
"19","Ace Bailey","SF","6-9","200","19","Utah Jazz","0","Rutgers","2025 Rnd 1 Pick 5","United States"
"1","LaMelo Ball","G","6-7","180","24","Charlotte Hornets","5","Illawarra (Australia)","2020 Rnd 1 Pick 3","United States"
"2","Lonzo Ball","PG","6-5","190","28","Cleveland Cavaliers","8","UCLA","2017 Rnd 1 Pick 2","United States"
"5","Paolo Banchero","C","6-10","250","23","Orlando Magic","3","Duke","2022 Rnd 1 Pick 1","United States","Italy"
"3","Desmond Bane","SG","6-6","215","27","Orlando Magic","5","TCU","2020 Rnd 1 Pick 30","United States"
"25","Dominick Barlow","F","6-9","215","22","Philadelphia Sixers","3","Overtime Elite (Georgia)","2022 NBA Draft, Undrafted","United States"
"40","Harrison Barnes","SF","6-7","225","33","San Antonio Spurs","13","North Carolina","2012 Rnd 1 Pick 7","United States"
"4","Scottie Barnes","SF","6-8","237","24","Toronto Raptors","4","Florida State","2021 Rnd 1 Pick 4","United States"
"23","Brooks Barnhizer","SF","6-5","230","24","Oklahoma City Thunder","0","Northwestern","2025 Rnd 2 Pick 14","United States"
"9","R.J. Barrett","SG","6-6","214","25","Toronto Raptors","6","Duke","2019 Rnd 1 Pick 3","Canada"
"7","Tamar Bates","G","6-4","195","23","Denver Nuggets","0","Missouri","2025 NBA Draft, Undrafted","United States"
"77","Jamison Battle","SF","6-7","220","24","Toronto Raptors","1","Ohio State","2024 NBA Draft, Undrafted","United States"
"33","Nicolas Batum","F","6-7","230","36","Los Angeles Clippers","17","Le Mans Sarthe Basket (France)","2008 Rnd 1 Pick 25","France"
"0","Bradley Beal","SG","6-4","207","32","Los Angeles Clippers","13","Florida","2012 Rnd 1 Pick 3","United States"
"19","Joan Beringer","C","6-11","230","19","Minnesota Timberwolves","0","Cedevita (Croatia)","2025 Rnd 1 Pick 17","France"
"41","Saddiq Bey","F","6-8","215","26","New Orleans Pelicans","5","Villanova","2020 Rnd 1 Pick 19","United States"
"35","Goga Bitadze","C","6-11","250","26","Orlando Magic","6","KK Mega Bemax (Serbia)","2019 Rnd 1 Pick 18","Georgia"
"18","Bismack Biyombo","PF","6-8","255","33","San Antonio Spurs","14","Baloncesto Fuenlabrada (Spain)","2011 Rnd 1 Pick 7","Democratic Republic of the Congo"
"0","Anthony Black","G","6-7","200","21","Orlando Magic","2","Arkansas","2023 Rnd 1 Pick 6","United States"
"10","Bogdan Bogdanovic","SG","6-5","225","33","Los Angeles Clippers","8","KK Partizan (Serbia)","2014 Rnd 1 Pick 27","Serbia"
"30","Adem Bona","C","6-10","235","22","Philadelphia Sixers","1","UCLA","2024 Rnd 2 Pick 11","Nigeria","Turkey"
"1","Devin Booker","SG","6-5","206","29","Phoenix Suns","10","Kentucky","2015 Rnd 1 Pick 13","United States"
"99","Chris Boucher","PF","6-8","200","32","Boston Celtics","8","Oregon","2017 NBA Draft, Undrafted","Saint Lucia","Canada"
"17","Jamaree Bouyea","G","6-2","180","26","Phoenix Suns","3","San Francisco","2022 NBA Draft, Undrafted","United States"
"13","Tony Bradley","C","6-10","248","27","Indiana Pacers","7","North Carolina","2017 Rnd 1 Pick 28","United States"
"8","Malaki Branham","GF","6-4","180","22","Washington Wizards","3","Ohio State","2022 Rnd 1 Pick 20","United States"
"0","Christian Braun","SF","6-6","220","24","Denver Nuggets","3","Kansas","2022 Rnd 1 Pick 21","United States"
"14","Koby Brea","GF","6-5","215","23","Phoenix Suns","0","Kentucky","2025 Rnd 2 Pick 11","United States"
"25","Mikal Bridges","SG","6-6","209","29","New York Knicks","7","Villanova","2018 Rnd 1 Pick 10","United States"
"0","Miles Bridges","SF","6-7","225","27","Charlotte Hornets","6","Michigan State","2018 Rnd 1 Pick 12","United States"
"3","Dillon Brooks","F","6-7","225","29","Phoenix Suns","8","Oregon","2017 Rnd 2 Pick 15","Canada"
"22","Johni Broome","C","6-10","235","23","Philadelphia Sixers","0","Auburn","2025 Rnd 2 Pick 5","United States"
"7","Jaylen Brown","SF","6-6","223","29","Boston Celtics","9","California","2016 Rnd 1 Pick 3","United States"
"11","Bruce Brown Jr.","SG","6-4","202","29","Denver Nuggets","7","Miami (FL)","2018 Rnd 2 Pick 12","United States"
"24","Kobe Brown","GF","6-7","250","25","Los Angeles Clippers","2","Missouri","2023 Rnd 1 Pick 30","United States"
"11","Jalen Brunson","PG","6-2","190","29","New York Knicks","7","Villanova","2018 Rnd 2 Pick 3","United States"
"11","Carter Bryant","F","6-6","220","20","San Antonio Spurs","0","Arizona","2025 Rnd 1 Pick 14","United States"
"3","Thomas Bryant","C","6-9","248","28","Cleveland Cavaliers","8","Indiana","2017 Rnd 2 Pick 12","United States"
"4","Kobe Bufkin","G","6-4","195","22","Memphis Grizzlies","2","Michigan","2023 Rnd 1 Pick 15","United States"
"10","Jimmy Butler III","GF","6-6","230","36","Golden State Warriors","14","Marquette","2011 Rnd 1 Pick 30","United States"
"14","Matas Buzelis","F","6-8","209","21","Chicago Bulls","1","NBA G League Ignite","2024 Rnd 1 Pick 11","United States","Lithuania"
"8","Jamal Cain","F","6-7","191","26","Orlando Magic","3","Oakland","2022 NBA Draft, Undrafted","United States"
"3","Kentavious Caldwell-Pope","SG","6-5","204","32","Memphis Grizzlies","12","Georgia","2013 Rnd 1 Pick 8","United States"
"33","Toumani Camara","SF","6-7","230","25","Portland Trail Blazers","2","Dayton","2023 Rnd 2 Pick 22","Belgium"
"30","Clint Capela","PF","6-10","256","31","Houston Rockets","11","Chalon-Sur-Saone (France)","2014 Rnd 1 Pick 25","Switzerland"
"32","Dylan Cardwell","PF","6-10","255","25","Sacramento Kings","0","Auburn","2025 NBA Draft, Undrafted","United States"
"15","Branden Carlson","PF","7-0","220","26","Oklahoma City Thunder","1","Utah","2024 NBA Draft, Undrafted","United States"
"7","Bub Carrington","G","6-4","190","20","Washington Wizards","1","Pittsburgh","2024 Rnd 1 Pick 14","United States"
"22","Devin Carter","G","6-2","195","23","Sacramento Kings","1","Providence","2024 Rnd 1 Pick 13","United States"
"5","Jevon Carter","PG","6-0","200","30","Chicago Bulls","7","West Virginia","2018 Rnd 2 Pick 2","United States"
"34","Wendell Carter Jr.","PF","6-10","270","26","Orlando Magic","7","Duke","2018 Rnd 1 Pick 7","United States"
"9","Alex Caruso","G","6-5","186","31","Oklahoma City Thunder","8","Texas A&M","2016 NBA Draft, Undrafted","United States"
"5","Stephon Castle","G","6-6","215","21","San Antonio Spurs","1","UConn","2024 Rnd 1 Pick 4","United States"
"14","Colin Castleton","PF","6-10","250","25","Orlando Magic","2","Florida","2023 NBA Draft, Undrafted","United States"
"30","Julian Champagnie","F","6-7","217","24","San Antonio Spurs","3","St. John's","2022 NBA Draft, Undrafted","United States"
"9","Justin Champagnie","F","6-6","206","24","Washington Wizards","4","Pittsburgh","2021 NBA Draft, Undrafted","United States"
"12","Cameron Christie","SG","6-5","190","20","Los Angeles Clippers","1","Minnesota","2024 Rnd 2 Pick 16","United States"
"00","Max Christie","F","6-5","190","22","Dallas Mavericks","3","Michigan State","2022 Rnd 2 Pick 5","United States"
"30","Moussa Cisse","F","6-11","220","23","Dallas Mavericks","0","Memphis","2025 NBA Draft, Undrafted","Guinea"
"91","Sidy Cissoko","GF","6-6","220","21","Portland Trail Blazers","2","NBA G League Ignite","2023 Rnd 2 Pick 14","France"
"22","Jaylen Clark","G","6-5","205","24","Minnesota Timberwolves","2","UCLA","2023 Rnd 2 Pick 23","United States"
"15","Brandon Clarke","PF","6-8","215","29","Memphis Grizzlies","6","Gonzaga","2019 Rnd 1 Pick 21","Canada"
"00","Jordan Clarkson","G","6-5","194","33","New York Knicks","11","Missouri","2014 Rnd 2 Pick 16","United States","Philippines"
"33","Nicolas Claxton","C","6-11","215","26","Brooklyn Nets","6","Georgia","2019 Rnd 2 Pick 1","United States","U.S. Virgin Islands"
"13","Walter Clayton Jr.","G","6-4","195","22","Utah Jazz","0","Florida","2025 Rnd 1 Pick 18","United States"
"5","Nique Clifford","F","6-5","175","23","Sacramento Kings","0","Colorado State","2025 Rnd 1 Pick 24","United States"
"23","Donovan Clingan","C","7-2","280","21","Portland Trail Blazers","1","UConn","2024 Rnd 1 Pick 7","United States"
"21","Noah Clowney","F","6-10","210","21","Brooklyn Nets","2","Alabama","2023 Rnd 1 Pick 21","United States"
"17","Amir Coffey","SF","6-7","210","28","Milwaukee Bucks","6","Minnesota","2019 NBA Draft, Undrafted","United States"
"8","Isaiah Collier","G","6-4","210","21","Utah Jazz","1","USC","2024 Rnd 1 Pick 29","United States"
"20","John Collins","PF","6-9","226","28","Los Angeles Clippers","8","Wake Forest","2017 Rnd 1 Pick 19","United States"
"12","Zach Collins","C","6-9","250","28","Chicago Bulls","8","Gonzaga","2017 Rnd 1 Pick 10","United States"
"10","Mike Conley","PG","6-1","175","38","Minnesota Timberwolves","18","Ohio State","2007 Rnd 1 Pick 4","United States"
"21","Pat Connaughton","SF","6-5","209","32","Charlotte Hornets","10","Notre Dame","2015 Rnd 2 Pick 11","United States"
"18","Javonte Cooke","G","6-6","185","26","Portland Trail Blazers","0","Winston-Salem State","2023 NBA Draft, Undrafted","United States"
"13","Sharife Cooper","PG","6-0","176","24","Washington Wizards","2","Auburn","2021 Rnd 2 Pick 18","United States"
"0","Bilal Coulibaly","GF","6-7","195","21","Washington Wizards","2","Boulogne-Levallois (France)","2023 Rnd 1 Pick 7","France"
"23","Cedric Coward","F","6-5","206","22","Memphis Grizzlies","0","Washington State","2025 Rnd 1 Pick 11","United States"
"27","Isaiah Crawford","GF","6-6","220","24","Houston Rockets","1","Louisiana Tech","2024 NBA Draft, Undrafted","United States"
"2","Cade Cunningham","SF","6-6","220","24","Detroit Pistons","4","Oklahoma State","2021 Rnd 1 Pick 1","United States"
"30","Stephen Curry","G","6-2","185","37","Golden State Warriors","16","Davidson","2009 Rnd 1 Pick 7","United States"
"23","Tristan Da Silva","F","6-8","217","24","Orlando Magic","1","Colorado","2024 Rnd 1 Pick 18","Germany","Brazil"
"4","Pacome Dadiet","SF","6-9","210","20","New York Knicks","1","Ratiopharm Ulm (Germany)","2024 Rnd 1 Pick 25","France"
"5","Dyson Daniels","GF","6-7","199","22","Atlanta Hawks","3","NBA G League Ignite","2022 Rnd 1 Pick 8","Australia"
"12","N'Faly Dante","PF","6-11","230","24","Atlanta Hawks","1","Oregon","2024 NBA Draft, Undrafted","Mali"
"3","Anthony Davis","PF","6-10","253","32","Dallas Mavericks","13","Kentucky","2012 Rnd 1 Pick 1","United States"
"4","J.D. Davison","F","6-1","195","23","Houston Rockets","3","Alabama","2022 Rnd 2 Pick 23","United States"
"10","DeMar DeRozan","GF","6-6","220","36","Sacramento Kings","16","USC","2009 Rnd 1 Pick 9","United States"
"8","Egor Demin","PG","6-8","200","19","Brooklyn Nets","0","Brigham Young","2025 Rnd 1 Pick 8","Russia"
"10","RayJ Dennis","PG","6-1","180","24","Indiana Pacers","1","Baylor","2024 NBA Draft, Undrafted","United States"
"0","Donte DiVincenzo","SG","6-4","203","28","Minnesota Timberwolves","7","Villanova","2018 Rnd 1 Pick 17","United States"
"14","Moussa Diabate","PF","6-10","210","23","Charlotte Hornets","3","Michigan","2022 Rnd 2 Pick 13","France"
"51","Mohamed Diawara","PF","6-9","225","20","New York Knicks","0","Cholet Basket (France)","2025 Rnd 2 Pick 21","France"
"1","Gradey Dick","GF","6-7","200","22","Toronto Raptors","2","Kansas","2023 Rnd 1 Pick 13","United States"
"4","Hunter Dickinson","C","7-1","255","25","New Orleans Pelicans","0","Kansas","2025 NBA Draft, Undrafted","United States"
"13","Ousmane Dieng","SG","6-9","185","22","Oklahoma City Thunder","3","New Zealand (New Zealand)","2022 Rnd 1 Pick 11","France"
"4","Rob Dillingham","G","6-2","175","20","Minnesota Timberwolves","1","Kentucky","2024 Rnd 1 Pick 8","United States"
"22","Nikola Djurisic","F","6-8","214","21","Atlanta Hawks","0","KK Mega Bemax (Serbia)","2024 Rnd 2 Pick 13","Belgium","Serbia"
"77","Luka Doncic","SF","6-8","230","26","Los Angeles Lakers","7","Real Madrid (Spain)","2018 Rnd 1 Pick 3","Slovenia"
"5","Luguentz Dort","PG","6-4","220","26","Oklahoma City Thunder","6","Arizona State","2019 NBA Draft, Undrafted","Canada"
"11","Ayo Dosunmu","PG","6-4","200","25","Chicago Bulls","4","Illinois","2021 Rnd 2 Pick 8","United States"
"1","Andre Drummond","C","6-11","279","32","Philadelphia Sixers","13","UConn","2012 Rnd 1 Pick 9","United States"
"8","Kris Dunn","SG","6-3","205","31","Los Angeles Clippers","9","Providence","2016 Rnd 1 Pick 5","United States"
"0","Ryan Dunn","G","6-7","216","22","Phoenix Suns","1","Virginia","2024 Rnd 1 Pick 28","United States"
"7","Kevin Durant","SF","6-11","240","37","Houston Rockets","18","Texas","2007 Rnd 1 Pick 2","United States"
"0","Jalen Duren","PF","6-10","250","22","Detroit Pistons","3","Memphis","2022 Rnd 1 Pick 13","United States"
"17","Tari Eason","F","6-8","215","24","Houston Rockets","3","LSU","2022 Rnd 1 Pick 17","United States"
"14","Zach Edey","C","7-3","305","23","Memphis Grizzlies","1","Purdue","2024 Rnd 1 Pick 9","Canada"
"77","V.J. Edgecombe","F","6-4","180","20","Philadelphia Sixers","0","Baylor","2025 Rnd 1 Pick 3","United States","Bahamas"
"5","Anthony Edwards","SF","6-4","225","24","Minnesota Timberwolves","5","Georgia","2020 Rnd 1 Pick 1","United States"
"11","Justin Edwards","SF","6-7","203","21","Philadelphia Sixers","1","Kentucky","2024 NBA Draft, Undrafted","United States"
"23","Keon Ellis","F","6-4","175","25","Sacramento Kings","3","Alabama","2022 NBA Draft, Undrafted","United States"
"21","Joel Embiid","C","7-0","280","31","Philadelphia Sixers","11","Kansas","2014 Rnd 1 Pick 3","Cameroon","United States"
"24","Noa Essengue","F","6-8","200","18","Chicago Bulls","0","Ratiopharm Ulm (Germany)","2025 Rnd 1 Pick 12","France"
"10","Tyson Etienne","G","6-0","200","26","Brooklyn Nets","1","Wichita State","2022 NBA Draft, Undrafted","United States"
"19","Drew Eubanks","C","6-10","245","28","Sacramento Kings","7","Oregon State","2018 NBA Draft, Undrafted","United States"
"20","Tosan Evbuomwan","SF","6-8","217","24","New York Knicks","2","Princeton","2023 NBA Draft, Undrafted","England"
"0","Dante Exum","PG","6-5","214","30","Dallas Mavericks","9","Australian Institute of Sport (Australian Capital Territory)","2014 Rnd 1 Pick 5","Australia"
"0","Jeremiah Fears","G","6-3","190","19","New Orleans Pelicans","0","Oklahoma","2025 Rnd 1 Pick 7","United States"
"22","Kyle Filipowski","C","6-11","250","22","Utah Jazz","1","Duke","2024 Rnd 2 Pick 2","United States"
"2","Dorian Finney-Smith","SF","6-7","220","32","Houston Rockets","9","Florida","2016 NBA Draft, Undrafted","United States"
"32","Cooper Flagg","F","6-9","205","18","Dallas Mavericks","0","Duke","2025 Rnd 1 Pick 1","United States"
"20","Rasheer Fleming","F","6-9","240","21","Phoenix Suns","0","Saint Joseph's","2025 Rnd 2 Pick 1","United States"
"9","Trentyn Flowers","F","6-9","185","21","Chicago Bulls","1","Adelaide (Australia)","2024 NBA Draft, Undrafted","United States"
"0","Simone Fontecchio","SF","6-7","209","29","Miami Heat","3","AX Armani Exchange Milan (Italy)","2017 NBA Draft, Undrafted","Italy"
"4","De'Aaron Fox","PG","6-3","185","27","San Antonio Spurs","8","Kentucky","2017 Rnd 1 Pick 5","United States"
"25","Enrique Freeman","F","6-9","220","25","Minnesota Timberwolves","1","Akron","2024 Rnd 2 Pick 20","United States"
"12","Johnny Furphy","F","6-8","200","20","Indiana Pacers","1","Kansas","2024 Rnd 2 Pick 5","Australia"
"21","Daniel Gafford","C","6-10","265","27","Dallas Mavericks","6","Arkansas","2019 Rnd 2 Pick 8","United States"
"15","Myron Gardner","G","6-5","220","24","Miami Heat","0","Little Rock","2023 NBA Draft, Undrafted","United States"
"10","Darius Garland","G","6-1","192","25","Cleveland Cavaliers","6","Vanderbilt","2019 Rnd 1 Pick 5","United States"
"52","Luka Garza","C","6-10","243","26","Boston Celtics","4","Iowa","2021 Rnd 2 Pick 22","United States","Bosnia and Herzegovina"
"3","Keyonte George","G","6-4","185","22","Utah Jazz","2","Baylor","2023 Rnd 1 Pick 16","United States"
"18","Kyshawn George","F","6-8","200","21","Washington Wizards","1","Miami (FL)","2024 Rnd 1 Pick 24","Switzerland","Canada"
"8","Paul George","GF","6-8","220","35","Philadelphia Sixers","15","Fresno State","2010 Rnd 1 Pick 10","United States"
"3","Josh Giddey","G","6-7","216","23","Chicago Bulls","4","Adelaide (Australia)","2021 Rnd 1 Pick 6","Australia"
"2","Shai Gilgeous-Alexander","PG","6-6","195","27","Oklahoma City Thunder","7","Kentucky","2018 Rnd 1 Pick 11","Canada"
"16","Anthony Gill","PF","6-7","230","33","Washington Wizards","5","Virginia","2016 NBA Draft, Undrafted","United States"
"12","Collin Gillespie","PG","6-1","195","26","Phoenix Suns","3","Villanova","2022 NBA Draft, Undrafted","United States"
"27","Rudy Gobert","C","7-1","258","33","Minnesota Timberwolves","12","Cholet Basket (France)","2013 Rnd 1 Pick 27","France"
"50","Vladislav Goldin","C","7-0","250","25","Miami Heat","0","Michigan","2025 NBA Draft, Undrafted","Russia"
"28","Hugo Gonzalez","F","6-6","200","19","Boston Celtics","0","Real Madrid (Spain)","2025 Rnd 1 Pick 28","Spain"
"23","Jordan Goodwin","SG","6-3","215","27","Phoenix Suns","4","Saint Louis","2021 NBA Draft, Undrafted","United States"
"32","Aaron Gordon","F","6-8","235","30","Denver Nuggets","11","Arizona","2014 Rnd 1 Pick 4","United States"
"23","Eric Gordon","G","6-3","215","36","Philadelphia Sixers","17","Indiana","2008 Rnd 1 Pick 7","United States","Bahamas"
"9","Jerami Grant","F","6-7","213","31","Portland Trail Blazers","11","Syracuse","2014 Rnd 2 Pick 9","United States"
"20","A.J. Green","PG","6-4","190","26","Milwaukee Bucks","3","Northern Iowa","2022 NBA Draft, Undrafted","United States"
"23","Draymond Green","F","6-6","230","35","Golden State Warriors","13","Michigan State","2012 Rnd 2 Pick 5","United States"
"4","Jalen Green","SG","6-4","186","23","Phoenix Suns","4","NBA G League Ignite","2021 Rnd 1 Pick 2","United States"
"31","Javonte Green","G","6-5","205","32","Detroit Pistons","6","Radford","2015 NBA Draft, Undrafted","United States","Montenegro"
"32","Jeff Green","F","6-8","235","39","Houston Rockets","17","Georgetown","2007 Rnd 1 Pick 5","United States"
"10","Josh Green","SG","6-6","200","25","Charlotte Hornets","5","Arizona","2020 Rnd 1 Pick 18","United States","Australia"
"5","Quentin Grimes","SG","6-4","210","25","Philadelphia Sixers","4","Houston","2021 Rnd 1 Pick 25","United States"
"18","Mouhamed Gueye","F","6-11","210","23","Atlanta Hawks","2","Washington State","2023 Rnd 2 Pick 9","Senegal"
"28","Rui Hachimura","F","6-8","230","27","Los Angeles Lakers","6","Gonzaga","2019 Rnd 1 Pick 9","Japan"
"0","Tyrese Haliburton","PG","6-5","185","25","Indiana Pacers","5","Iowa State","2020 Rnd 1 Pick 12","United States"
"16","Yang Hansen","C","7-1","270","20","Portland Trail Blazers","0","Qingdao (China)","2025 Rnd 1 Pick 16","China"
"10","Tim Hardaway Jr.","SG","6-5","205","33","Denver Nuggets","12","Michigan","2013 Rnd 1 Pick 24","United States"
"1","James Harden","SG","6-5","220","36","Los Angeles Clippers","16","Arizona State","2009 Rnd 1 Pick 3","United States"
"1","Jaden Hardy","SG","6-3","198","23","Dallas Mavericks","3","NBA G League Ignite","2022 Rnd 2 Pick 7","United States"
"16","E.J. Harkless","PG","6-3","195","25","Utah Jazz","1","UNLV","2023 NBA Draft, Undrafted","United States"
"2","Dylan Harper","GF","6-5","215","19","San Antonio Spurs","0","Rutgers","2025 Rnd 1 Pick 2","United States"
"13","Ron Harper","G","6-5","233","25","Boston Celtics","3","Rutgers","2022 NBA Draft, Undrafted","United States"
"11","Gary Harris","SG","6-4","210","31","Milwaukee Bucks","11","Michigan State","2014 Rnd 1 Pick 19","United States"
"00","Kevon Harris","SF","6-5","216","28","Houston Rockets","3","Stephen F. Austin","2020 NBA Draft, Undrafted","United States"
"12","Tobias Harris","F","6-8","226","33","Detroit Pistons","14","Tennessee","2011 Rnd 1 Pick 19","United States"
"3","Josh Hart","SG","6-5","215","30","New York Knicks","8","Villanova","2017 Rnd 1 Pick 30","United States"
"55","Isaiah Hartenstein","PF","7-0","250","27","Oklahoma City Thunder","7","Zalgiris (Lithuania)","2017 Rnd 2 Pick 13","United States","Germany"
"30","Sam Hauser","SF","6-7","217","27","Boston Celtics","4","Virginia","2021 NBA Draft, Undrafted","United States"
"24","Jordan Hawkins","G","6-5","190","23","New Orleans Pelicans","2","UConn","2023 Rnd 1 Pick 14","United States"
"11","Jaxson Hayes","PF","7-0","220","25","Los Angeles Lakers","6","Texas","2019 Rnd 1 Pick 8","United States"
"21","Nigel Hayes-Davis","F","6-7","254","30","Phoenix Suns","1","Wisconsin","2017 NBA Draft, Undrafted","United States"
"00","Scoot Henderson","G","6-3","207","21","Portland Trail Blazers","2","NBA G League Ignite","2023 Rnd 1 Pick 3","United States"
"0","Taylor Hendricks","F","6-9","215","22","Utah Jazz","2","UCF","2023 Rnd 1 Pick 9","United States"
"24","Chucky Hepburn","G","6-0","190","23","Toronto Raptors","0","Louisville","2025 NBA Draft, Undrafted","United States"
"14","Tyler Herro","SG","6-5","195","25","Miami Heat","6","Kentucky","2019 Rnd 1 Pick 13","United States"
"7","Buddy Hield","G","6-4","220","32","Golden State Warriors","9","Oklahoma","2016 Rnd 1 Pick 6","Bahamas"
"7","Haywood Highsmith","F","6-5","220","28","Brooklyn Nets","5","Wheeling","2018 NBA Draft, Undrafted","United States"
"0","Aaron Holiday","PG","6-0","185","29","Houston Rockets","7","UCLA","2018 Rnd 1 Pick 23","United States"
"5","Jrue Holiday","G","6-4","220","35","Portland Trail Blazers","16","UCLA","2009 Rnd 1 Pick 17","United States"
"5","Ron Holland","F","6-8","206","20","Detroit Pistons","1","NBA G League Ignite","2024 Rnd 1 Pick 5","United States"
"14","DaRon Holmes II","PF","6-9","225","23","Denver Nuggets","1","Dayton","2024 Rnd 1 Pick 22","United States"
"7","Chet Holmgren","C","7-1","208","23","Oklahoma City Thunder","3","Gonzaga","2022 Rnd 1 Pick 2","United States"
"20","Al Horford","FC","6-8","240","39","Golden State Warriors","18","Florida","2007 Rnd 1 Pick 3","Dominican Republic","United States"
"33","Caleb Houstan","SF","6-8","205","22","Atlanta Hawks","3","Michigan","2022 Rnd 2 Pick 2","Canada"
"13","Jett Howard","GF","6-8","215","22","Orlando Magic","2","Michigan","2023 Rnd 1 Pick 11","United States"
"13","Kevin Huerter","SF","6-6","198","27","Chicago Bulls","7","Maryland","2018 Rnd 1 Pick 19","United States"
"32","James Huff","C","7-1","240","28","Indiana Pacers","4","Virginia","2021 NBA Draft, Undrafted","United States"
"55","Ariel Hukporti","C","7-0","246","23","New York Knicks","1","MHP Riesen (Germany)","2024 Rnd 2 Pick 28","Germany","Togo"
"12","De'Andre Hunter","PF","6-7","221","27","Cleveland Cavaliers","6","Virginia","2019 Rnd 1 Pick 4","United States"
"8","Bones Hyland","G","6-2","169","25","Minnesota Timberwolves","4","VCU","2021 Rnd 1 Pick 26","United States"
"11","Oso Ighodaro","F","6-11","235","23","Phoenix Suns","1","Marquette","2024 Rnd 2 Pick 10","United States"
"7","Joe Ingles","F","6-8","220","38","Minnesota Timberwolves","11","Melbourne South (Australia)","2009 NBA Draft, Undrafted","Australia"
"3","Brandon Ingram","SF","6-8","190","28","Toronto Raptors","9","Duke","2016 Rnd 1 Pick 2","United States"
"55","Harrison Ingram","F","6-5","230","23","San Antonio Spurs","1","North Carolina","2024 Rnd 2 Pick 18","United States"
"11","Kyrie Irving","G","6-2","195","33","Dallas Mavericks","14","Duke","2011 Rnd 1 Pick 1","United States","Australia"
"1","Jonathan Isaac","SF","6-10","230","28","Orlando Magic","8","Florida State","2017 Rnd 1 Pick 6","United States"
"23","Jaden Ivey","G","6-3","195","23","Detroit Pistons","3","Purdue","2022 Rnd 1 Pick 5","United States"
"45","G.G. Jackson","PF","6-9","210","20","Memphis Grizzlies","2","South Carolina","2023 Rnd 2 Pick 15","United States"
"22","Isaiah Jackson","PF","6-8","205","23","Indiana Pacers","4","Kentucky","2021 Rnd 1 Pick 22","United States"
"44","Andre Jackson Jr.","G","6-6","209","24","Milwaukee Bucks","2","UConn","2023 Rnd 2 Pick 6","United States"
"8","Jaren Jackson Jr.","PF","6-10","242","26","Memphis Grizzlies","7","Michigan State","2018 Rnd 1 Pick 4","United States"
"29","Quenton Jackson","GF","6-4","173","27","Indiana Pacers","3","Texas A&M","2022 NBA Draft, Undrafted","United States"
"32","Trayce Jackson-Davis","F","6-9","245","25","Golden State Warriors","2","Indiana","2023 Rnd 2 Pick 27","United States"
"25","Kasparas Jakucionis","G","6-5","200","19","Miami Heat","0","Illinois","2025 Rnd 1 Pick 20","Lithuania"
"9","Bronny James","G","6-2","210","21","Los Angeles Lakers","1","USC","2024 Rnd 2 Pick 25","United States"
"23","LeBron James","F","6-9","250","40","Los Angeles Lakers","22","St. Vincent St. Mary High School (Ohio)","2003 Rnd 1 Pick 1","United States"
"4","Sion James","PG","6-5","220","22","Charlotte Hornets","0","Duke","2025 Rnd 2 Pick 3","United States"
"11","Jaime Jaquez Jr.","GF","6-6","225","24","Miami Heat","2","UCLA","2023 Rnd 1 Pick 18","United States","Mexico"
"50","Trey Jemison","PF","6-10","270","25","New York Knicks","2","UAB","2023 NBA Draft, Undrafted","United States"
"24","Daniss Jenkins","G","6-4","165","24","Detroit Pistons","1","St. John's","2024 NBA Draft, Undrafted","United States"
"2","Ty Jerome","PG","6-5","195","28","Memphis Grizzlies","6","Virginia","2019 Rnd 1 Pick 24","United States"
"11","Isaiah Joe","SG","6-4","165","26","Oklahoma City Thunder","5","Arkansas","2020 Rnd 2 Pick 19","United States"
"4","A.J. Johnson","G","6-5","160","20","Washington Wizards","1","Illawarra (Australia)","2024 Rnd 1 Pick 23","United States"
"23","Cameron Johnson","G","6-8","210","29","Denver Nuggets","6","North Carolina","2019 Rnd 1 Pick 11","United States"
"1","Jalen Johnson","PF","6-8","219","23","Atlanta Hawks","4","Duke","2021 Rnd 1 Pick 20","United States"
"3","Keldon Johnson","SF","6-6","220","26","San Antonio Spurs","6","Kentucky","2019 Rnd 1 Pick 29","United States"
"16","Keshad Johnson","SF","6-6","225","24","Miami Heat","1","Arizona","2024 NBA Draft, Undrafted","United States"
"12","Tre Johnson","SG","6-5","190","19","Washington Wizards","0","Texas","2025 Rnd 1 Pick 6","United States"
"15","Nikola Jokic","C","6-11","284","30","Denver Nuggets","10","KK Mega Bemax (Serbia)","2014 Rnd 2 Pick 11","Serbia"
"1","Curtis Jones","G","6-3","195","24","Denver Nuggets","0","Iowa State","2025 NBA Draft, Undrafted","United States"
"5","Derrick Jones","SF","6-6","210","28","Los Angeles Clippers","9","UNLV","2016 NBA Draft, Undrafted","United States"
"2","Herb Jones","SF","6-7","206","27","New Orleans Pelicans","4","Alabama","2021 Rnd 2 Pick 5","United States"
"3","Isaac Jones","C","6-8","245","25","Detroit Pistons","1","Washington State","2024 NBA Draft, Undrafted","United States"
"7","Kam Jones","F","6-4","200","23","Indiana Pacers","0","Marquette","2025 Rnd 2 Pick 8","United States"
"21","Spencer Jones","SF","6-7","225","25","Denver Nuggets","1","Stanford","2024 NBA Draft, Undrafted","United States"
"30","Tre Jones","PG","6-1","185","25","Chicago Bulls","5","Duke","2020 Rnd 2 Pick 11","United States"
"2","Tyus Jones","PG","6-0","196","29","Orlando Magic","10","Duke","2015 Rnd 1 Pick 24","United States"
"25","David Jones-Garcia","SF","6-4","210","24","San Antonio Spurs","1","Memphis","2024 NBA Draft, Undrafted","Dominican Republic"
"9","DeAndre Jordan","C","6-11","265","37","New Orleans Pelicans","17","Texas A&M","2008 Rnd 2 Pick 5","United States"
"5","Nikola Jovic","F","6-10","205","22","Miami Heat","3","KK Mega Bemax (Serbia)","2022 Rnd 1 Pick 27","Serbia"
"9","Johnny Juzang","SG","6-7","226","24","Minnesota Timberwolves","3","UCLA","2022 NBA Draft, Undrafted","United States"
"11","Ryan Kalkbrenner","C","7-1","256","23","Charlotte Hornets","0","Creighton","2025 Rnd 2 Pick 4","United States"
"14","Miles Kelly","F","6-4","190","23","Dallas Mavericks","0","Auburn","2025 NBA Draft, Undrafted","United States"
"3","Luke Kennard","SG","6-5","206","29","Atlanta Hawks","8","Duke","2017 Rnd 1 Pick 12","United States"
"24","Walker Kessler","C","7-2","245","24","Utah Jazz","3","Auburn","2022 Rnd 1 Pick 22","United States"
"24","Corey Kispert","SF","6-6","224","26","Washington Wizards","4","Gonzaga","2021 Rnd 1 Pick 15","United States"
"14","Maxi Kleber","PF","6-10","240","33","Los Angeles Lakers","8","s.Oliver Baskets (Germany)","2014 NBA Draft, Undrafted","Germany"
"34","Bobi Klintman","F","6-9","225","22","Detroit Pistons","1","Cairns (Australia)","2024 Rnd 2 Pick 7","Sweden"
"4","Dalton Knecht","F","6-6","215","24","Los Angeles Lakers","1","Tennessee","2024 Rnd 1 Pick 17","United States"
"7","Kon Knueppel","F","6-6","215","20","Charlotte Hornets","0","Duke","2025 Rnd 1 Pick 4","United States"
"13","Tyler Kolek","G","6-2","195","24","New York Knicks","1","Marquette","2024 Rnd 2 Pick 4","United States"
"46","John Konchar","G","6-5","210","29","Memphis Grizzlies","6","Fort Wayne","2019 NBA Draft, Undrafted","United States"
"7","Luke Kornet","F","7-1","250","30","San Antonio Spurs","8","Vanderbilt","2017 NBA Draft, Undrafted","United States"
"27","Vit Krejci","PG","6-8","195","25","Atlanta Hawks","4","Zaragoza U18 (Spain)","2020 Rnd 2 Pick 7","Czech Republic"
"1","Jonathan Kuminga","F","6-7","225","23","Golden State Warriors","4","NBA G League Ignite","2021 Rnd 1 Pick 7","Democratic Republic of the Congo"
"18","Kyle Kuzma","F","6-8","221","30","Milwaukee Bucks","8","Utah","2017 Rnd 1 Pick 27","United States"
"12","Jake LaRavia","F","6-7","235","24","Los Angeles Lakers","3","Wake Forest","2022 Rnd 1 Pick 19","United States"
"8","Zach LaVine","SG","6-5","200","30","Sacramento Kings","11","UCLA","2014 Rnd 1 Pick 13","United States"
"31","Jock Landale","C","6-11","255","30","Memphis Grizzlies","4","Saint Mary's","2018 NBA Draft, Undrafted","Australia"
"20","Chaz Lanier","G","6-3","206","23","Detroit Pistons","0","Tennessee","2025 Rnd 2 Pick 7","United States"
"9","Pelle Larsson","SG","6-5","215","24","Miami Heat","1","Arizona","2024 Rnd 2 Pick 14","Sweden"
"0","A.J. Lawson","F","6-6","179","25","Toronto Raptors","3","South Carolina","2021 NBA Draft, Undrafted","Canada"
"8","Caris LeVert","G","6-7","205","31","Detroit Pistons","9","Michigan","2016 Rnd 1 Pick 20","United States"
"2","Kawhi Leonard","F","6-6","225","34","Los Angeles Clippers","14","San Diego State","2011 Rnd 1 Pick 15","United States"
"9","E.J. Liddell","PF","6-6","240","24","Brooklyn Nets","3","Ohio State","2022 Rnd 2 Pick 11","United States"
"0","Damian Lillard","G","6-2","200","35","Portland Trail Blazers","13","Weber State","2012 Rnd 1 Pick 6","United States"
"2","Dereck Lively II","C","7-1","230","21","Dallas Mavericks","2","Duke","2023 Rnd 1 Pick 12","United States"
"18","Isaiah Livers","PF","6-6","232","27","Phoenix Suns","3","Michigan","2021 Rnd 2 Pick 12","United States"
"8","Chris Livingston","F","6-6","220","22","Cleveland Cavaliers","2","Kentucky","2023 Rnd 2 Pick 28","United States"
"55","Kevon Looney","PF","6-9","222","29","New Orleans Pelicans","10","UCLA","2015 Rnd 1 Pick 30","United States"
"11","Brook Lopez","C","7-1","282","37","Los Angeles Clippers","17","Stanford","2008 Rnd 1 Pick 10","United States"
"2","Caleb Love","GF","6-3","212","24","Portland Trail Blazers","0","Arizona","2025 NBA Draft, Undrafted","United States"
"42","Kevin Love","FC","6-10","251","37","Utah Jazz","17","UCLA","2008 Rnd 1 Pick 5","United States"
"7","Kyle Lowry","PG","6-0","196","39","Philadelphia Sixers","19","Villanova","2006 Rnd 1 Pick 24","United States"
"10","Khaman Maluach","C","7-1","250","19","Phoenix Suns","0","Duke","2025 Rnd 1 Pick 10","South Sudan"
"54","Sandro Mamukelashvili","F","6-9","240","26","Toronto Raptors","4","Seton Hall","2021 Rnd 2 Pick 24","Georgia"
"14","Terance Mann","SG","6-6","215","29","Brooklyn Nets","6","Florida State","2019 Rnd 2 Pick 18","United States"
"23","Tre Mann","PG","6-4","178","24","Charlotte Hornets","4","Florida","2021 Rnd 1 Pick 18","United States"
"30","Chris Manon","G","6-4","209","24","Los Angeles Lakers","0","Vanderbilt","2025 NBA Draft, Undrafted","United States"
"23","Lauri Markkanen","SF","7-1","240","28","Utah Jazz","8","Arizona","2017 Rnd 1 Pick 7","Finland"
"13","Naji Marshall","SF","6-6","220","27","Dallas Mavericks","5","Xavier","2020 NBA Draft, Undrafted","United States"
"55","Alijah Martin","PG","6-2","210","24","Toronto Raptors","0","Florida","2025 Rnd 2 Pick 9","United States"
"16","Caleb Martin","F","6-5","205","30","Dallas Mavericks","6","Nevada","2019 NBA Draft, Undrafted","United States"
"13","Tyrese Martin","GF","6-6","215","26","Brooklyn Nets","2","UConn","2022 Rnd 2 Pick 21","United States"
"21","Jahmai Mashack","F","6-4","203","24","Memphis Grizzlies","0","Tennessee","2025 Rnd 2 Pick 29","United States"
"24","Garrison Mathews","SG","6-5","215","29","Indiana Pacers","6","Lipscomb","2019 NBA Draft, Undrafted","United States"
"00","Bennedict Mathurin","GF","6-5","210","23","Indiana Pacers","3","Arizona","2022 Rnd 1 Pick 6","Canada","Haiti"
"17","Karlo Matkovic","PF","6-10","231","24","New Orleans Pelicans","1","KK Mega Bemax (Serbia)","2022 Rnd 2 Pick 22","Bosnia and Herzegovina","Croatia"
"0","Tyrese Maxey","PG","6-2","200","25","Philadelphia Sixers","5","Kentucky","2020 Rnd 1 Pick 21","United States"
"2","Miles McBride","G","6-2","195","25","New York Knicks","4","West Virginia","2021 Rnd 2 Pick 6","United States"
"20","Jared McCain","G","6-3","195","21","Philadelphia Sixers","1","Duke","2024 Rnd 1 Pick 16","United States"
"3","C.J. McCollum","G","6-3","190","34","Washington Wizards","12","Lehigh","2013 Rnd 1 Pick 10","United States"
"9","T.J. McConnell","G","6-1","190","33","Indiana Pacers","10","Arizona","2015 NBA Draft, Undrafted","United States"
"9","Kevin McCullar Jr.","PG","6-6","210","25","New York Knicks","1","Kansas","2024 Rnd 2 Pick 26","United States"
"3","Jaden McDaniels","F","6-9","185","25","Minnesota Timberwolves","5","Washington","2020 Rnd 1 Pick 28","United States"
"7","Doug McDermott","F","6-7","225","33","Sacramento Kings","11","Creighton","2014 Rnd 1 Pick 11","United States"
"11","Bryce McGowens","GF","6-6","190","23","New Orleans Pelicans","3","Nebraska","2022 Rnd 2 Pick 10","United States"
"0","Jordan McLaughlin","G","5-11","185","29","San Antonio Spurs","6","USC","2018 NBA Draft, Undrafted","United States"
"33","Liam McNeeley","F","6-7","210","20","Charlotte Hornets","0","UConn","2025 Rnd 1 Pick 29","United States"
"8","De'Anthony Melton","SG","6-2","200","27","Golden State Warriors","7","USC","2018 Rnd 2 Pick 16","United States"
"5","Sam Merrill","G","6-4","205","29","Cleveland Cavaliers","5","Utah State","2020 Rnd 2 Pick 30","United States"
"22","Khris Middleton","SF","6-7","222","34","Washington Wizards","13","Texas A&M","2012 Rnd 2 Pick 9","United States"
"24","Brandon Miller","F","6-7","200","23","Charlotte Hornets","2","Alabama","2023 Rnd 1 Pick 2","United States"
"2","Emanuel Miller","SF","6-5","215","25","Chicago Bulls","1","TCU","2024 NBA Draft, Undrafted","Canada"
"22","Jordan Miller","G","6-5","194","25","Los Angeles Clippers","2","Miami (FL)","2023 Rnd 2 Pick 18","United States"
"33","Leonard Miller","F","6-10","220","22","Minnesota Timberwolves","2","NBA G League Ignite","2023 Rnd 2 Pick 3","Canada"
"27","Riley Minix","SF","6-7","230","25","San Antonio Spurs","1","Morehead State","2024 NBA Draft, Undrafted","United States"
"8","Josh Minott","F","6-8","205","23","Boston Celtics","3","Memphis","2022 Rnd 2 Pick 15","United States"
"21","Yves Missi","C","6-11","235","21","New Orleans Pelicans","1","Baylor","2024 Rnd 1 Pick 21","Cameroon"
"25","Ajay Mitchell","PG","6-4","190","23","Oklahoma City Thunder","1","UC Santa Barbara","2024 Rnd 2 Pick 8","Belgium"
"45","Davion Mitchell","PG","6-0","202","27","Miami Heat","4","Baylor","2021 Rnd 1 Pick 9","United States"
"45","Donovan Mitchell","SG","6-2","215","29","Cleveland Cavaliers","8","Louisville","2017 Rnd 1 Pick 13","United States"
"4","Evan Mobley","PF","6-11","215","24","Cleveland Cavaliers","4","USC","2021 Rnd 1 Pick 3","United States"
"2","Jonathan Mogbo","F","6-9","225","24","Toronto Raptors","1","San Francisco","2024 Rnd 2 Pick 1","United States"
"0","Malik Monk","SG","6-3","200","27","Sacramento Kings","8","Kentucky","2017 Rnd 1 Pick 11","United States"
"4","Moses Moody","SG","6-5","211","23","Golden State Warriors","4","Arkansas","2021 Rnd 1 Pick 14","United States"
"14","Wendell Moore Jr.","SF","6-5","215","24","Detroit Pistons","3","Duke","2022 Rnd 1 Pick 26","United States"
"12","Ja Morant","G","6-2","174","26","Memphis Grizzlies","6","Murray State","2019 Rnd 1 Pick 2","United States"
"25","Trey Murphy III","G","6-8","206","25","New Orleans Pelicans","4","Virginia","2021 Rnd 1 Pick 17","United States"
"5","Dejounte Murray","SG","6-4","180","29","New Orleans Pelicans","9","Washington","2016 Rnd 1 Pick 29","United States"
"27","Jamal Murray","SG","6-4","215","28","Denver Nuggets","9","Kentucky","2016 Rnd 1 Pick 7","Canada"
"13","Keegan Murray","F","6-8","225","25","Sacramento Kings","3","Iowa","2022 Rnd 1 Pick 4","United States"
"24","Kris Murray","F","6-8","218","25","Portland Trail Blazers","2","Iowa","2023 Rnd 1 Pick 23","United States"
"12","Collin Murray-Boyles","F","6-7","245","20","Toronto Raptors","0","South Carolina","2025 Rnd 1 Pick 9","United States"
"10","Svi Mykhailiuk","SF","6-7","205","28","Utah Jazz","7","Kansas","2018 Rnd 2 Pick 17","Ukraine"
"30","Eli N'Diaye","C","6-8","209","22","Atlanta Hawks","0","Real Madrid (Spain)","2025 NBA Draft, Undrafted","Senegal"
"22","Larry Nance Jr.","SF","6-6","245","32","Cleveland Cavaliers","10","Wyoming","2015 Rnd 1 Pick 27","United States"
"35","Pete Nance","PF","6-9","225","25","Milwaukee Bucks","2","North Carolina","2023 NBA Draft, Undrafted","United States"
"2","Andrew Nembhard","PG","6-4","191","25","Indiana Pacers","3","Gonzaga","2022 Rnd 2 Pick 1","Canada"
"9","Ryan Nembhard","PG","5-11","180","23","Dallas Mavericks","0","Gonzaga","2025 NBA Draft, Undrafted","Canada"
"23","Aaron Nesmith","F","6-5","215","26","Indiana Pacers","5","Vanderbilt","2020 Rnd 1 Pick 14","United States"
"14","Asa Newell","PF","6-10","220","20","Atlanta Hawks","0","Georgia","2025 Rnd 1 Pick 23","United States"
"31","Georges Niang","F","6-6","230","32","Utah Jazz","9","Iowa State","2016 Rnd 2 Pick 20","United States"
"14","Yanic Konan Niederhauser","F","6-11","242","22","Los Angeles Clippers","0","Penn State","2025 Rnd 1 Pick 30","Switzerland"
"22","Zeke Nnaji","PF","6-10","240","24","Denver Nuggets","5","Arizona","2020 Rnd 1 Pick 22","United States"
"30","Jusuf Nurkic","FC","6-11","290","31","Utah Jazz","11","Cedevita (Croatia)","2014 Rnd 1 Pick 16","Bosnia and Herzegovina"
"00","Royce O'Neale","SF","6-6","226","32","Phoenix Suns","8","Baylor","2015 NBA Draft, Undrafted","United States"
"20","Josh Okogie","SG","6-4","213","27","Houston Rockets","7","Georgia Tech","2018 Rnd 1 Pick 20","Nigeria","United States"
"17","Onyeka Okongwu","PF","6-10","240","24","Atlanta Hawks","5","USC","2020 Rnd 1 Pick 6","United States"
"35","Isaac Okoro","SG","6-4","225","24","Chicago Bulls","5","Auburn","2020 Rnd 1 Pick 5","United States"
"47","Lachlan Olbrich","C","6-8","236","22","Chicago Bulls","0","Illawarra (Australia)","2025 Rnd 2 Pick 25","Australia"
"8","Kelly Olynyk","C","7-0","240","34","San Antonio Spurs","12","Gonzaga","2013 Rnd 1 Pick 13","Canada"
"9","Kelly Oubre Jr.","SF","6-8","203","29","Philadelphia Sixers","10","Kansas","2015 Rnd 1 Pick 15","United States"
"3","Chris Paul","PG","6-0","175","40","Los Angeles Clippers","20","Wake Forest","2005 Rnd 1 Pick 4","United States"
"0","Gary Payton II","G","6-2","195","32","Golden State Warriors","9","Oregon State","2016 NBA Draft, Undrafted","United States"
"14","Micah Peavy","SF","6-7","215","24","New Orleans Pelicans","0","Georgetown","2025 Rnd 2 Pick 10","United States"
"93","Noah Penda","F","6-7","215","20","Orlando Magic","0","Le Mans Sarthe Basket (France)","2025 Rnd 2 Pick 2","France"
"4","Taelon Peter","G","6-3","185","25","Indiana Pacers","0","Liberty","2025 Rnd 2 Pick 24","United States"
"9","Drew Peterson","F","6-8","205","26","Charlotte Hornets","2","USC","2023 NBA Draft, Undrafted","United States"
"15","Julian Phillips","F","6-6","198","22","Chicago Bulls","2","Tennessee","2023 Rnd 2 Pick 5","United States"
"24","Jalen Pickett","F","6-2","202","26","Denver Nuggets","2","Penn State","2023 Rnd 2 Pick 2","United States"
"1","Scotty Pippen Jr.","G","6-2","170","25","Memphis Grizzlies","3","Vanderbilt","2022 NBA Draft, Undrafted","United States"
"29","Daeqwon Plowden","GF","6-4","216","27","Sacramento Kings","1","Bowling Green","2022 NBA Draft, Undrafted","United States"
"22","Mason Plumlee","PF","7-0","254","35","Charlotte Hornets","12","Duke","2013 Rnd 1 Pick 22","United States"
"2","Brandin Podziemski","G","6-4","205","22","Golden State Warriors","2","Santa Clara","2023 Rnd 1 Pick 19","United States"
"19","Jakob Poeltl","C","7-0","253","30","Toronto Raptors","9","Utah","2016 Rnd 1 Pick 9","Austria"
"3","Jordan Poole","SG","6-4","194","26","New Orleans Pelicans","6","Michigan","2019 Rnd 1 Pick 28","United States"
"9","Craig Porter Jr.","G","6-1","180","25","Cleveland Cavaliers","2","Wichita State","2023 NBA Draft, Undrafted","United States"
"7","Kevin Porter Jr.","SF","6-5","203","25","Milwaukee Bucks","5","USC","2019 Rnd 1 Pick 30","United States"
"17","Michael Porter Jr.","PF","6-10","218","27","Brooklyn Nets","7","Missouri","2018 Rnd 1 Pick 14","United States"
"9","Bobby Portis","PF","6-9","250","30","Milwaukee Bucks","10","Arkansas","2015 Rnd 1 Pick 22","United States"
"8","Kristaps Porzingis","FC","7-2","240","30","Atlanta Hawks","10","Real Betis Baloncesto (Spain)","2015 Rnd 1 Pick 4","Latvia"
"21","Quinten Post","C","7-0","238","25","Golden State Warriors","1","Boston College","2024 Rnd 2 Pick 22","Netherlands"
"4","Drake Powell","F","6-5","195","20","Brooklyn Nets","0","North Carolina","2025 Rnd 1 Pick 22","United States"
"7","Dwight Powell","PF","6-10","240","34","Dallas Mavericks","11","Stanford","2014 Rnd 2 Pick 15","Canada"
"24","Norman Powell","SG","6-3","215","32","Miami Heat","10","UCLA","2015 Rnd 2 Pick 16","United States"
"12","Taurean Prince","F","6-6","218","31","Milwaukee Bucks","9","Baylor","2016 Rnd 1 Pick 12","United States"
"11","Payton Pritchard","PG","6-1","195","27","Boston Celtics","5","Oregon","2020 Rnd 1 Pick 26","United States"
"24","Tyrese Proctor","PG","6-4","185","21","Cleveland Cavaliers","0","Duke","2025 Rnd 2 Pick 19","Australia"
"18","Olivier-Maxence Prosper","F","6-7","230","23","Memphis Grizzlies","2","Marquette","2023 Rnd 1 Pick 24","Canada"
"22","Derik Queen","C","6-9","250","20","New Orleans Pelicans","0","Maryland","2025 Rnd 1 Pick 13","United States"
"88","Neemias Queta","C","7-0","248","26","Boston Celtics","4","Utah State","2021 Rnd 2 Pick 9","Portugal"
"5","Immanuel Quickley","PG","6-2","190","26","Toronto Raptors","5","Kentucky","2020 Rnd 1 Pick 25","United States"
"30","Julius Randle","PF","6-9","250","30","Minnesota Timberwolves","11","Kentucky","2014 Rnd 1 Pick 7","United States"
"42","Maxime Raynaud","C","7-1","250","22","Sacramento Kings","0","Stanford","2025 Rnd 2 Pick 12","France"
"26","Duop Reath","C","6-9","245","29","Portland Trail Blazers","2","LSU","2018 NBA Draft, Undrafted","Australia"
"15","Austin Reaves","PG","6-5","197","27","Los Angeles Lakers","4","Oklahoma","2021 NBA Draft, Undrafted","United States"
"7","Paul Reed Jr.","F","6-9","210","26","Detroit Pistons","5","DePaul","2020 Rnd 2 Pick 28","United States"
"12","Antonio Reeves","GF","6-5","205","25","Charlotte Hornets","1","Kentucky","2024 Rnd 2 Pick 17","United States"
"11","Naz Reid","C","6-9","264","26","Minnesota Timberwolves","6","LSU","2019 NBA Draft, Undrafted","United States"
"3","Will Richard","F","6-3","206","22","Golden State Warriors","0","Florida","2025 Rnd 2 Pick 26","United States"
"2","Nick Richards","C","6-11","245","27","Phoenix Suns","5","Kentucky","2020 Rnd 2 Pick 12","Jamaica"
"11","Jase Richardson","G","6-1","180","20","Orlando Magic","0","Michigan State","2025 Rnd 1 Pick 25","United States"
"27","Will Riley","F","6-9","180","19","Washington Wizards","0","Illinois","2025 Rnd 1 Pick 21","Canada"
"10","Zaccharie Risacher","F","6-8","200","20","Atlanta Hawks","1","JL Bourg-en-Bresse (France)","2024 Rnd 1 Pick 1","Spain","France"
"55","Duncan Robinson","F","6-7","215","31","Detroit Pistons","7","Michigan","2018 NBA Draft, Undrafted","United States"
"23","Mitchell Robinson","C","7-0","240","27","New York Knicks","7","","2018 Rnd 2 Pick 6","United States"
"7","Orlando Robinson","PF","6-10","235","25","Orlando Magic","3","Fresno State","2022 NBA Draft, Undrafted","United States"
"25","Jeremiah Robinson-Earl","PF","6-9","240","25","Indiana Pacers","4","Villanova","2021 Rnd 2 Pick 2","United States"
"13","Ryan Rollins","G","6-3","180","23","Milwaukee Bucks","3","Toledo","2022 Rnd 2 Pick 14","United States"
"44","Jackson Rowe","F","6-6","210","28","Golden State Warriors","1","Cal State Fullerton","2020 NBA Draft, Undrafted","Canada"
"2","Terry Rozier","G","6-1","190","31","Miami Heat","10","Louisville","2015 Rnd 1 Pick 16","United States"
"21","Rayan Rupert","G","6-7","205","21","Portland Trail Blazers","2","New Zealand (New Zealand)","2023 Rnd 2 Pick 13","France"
"5","D'Angelo Russell","SG","6-3","193","29","Dallas Mavericks","10","Ohio State","2015 Rnd 1 Pick 2","United States"
"11","Domantas Sabonis","PF","6-10","240","29","Sacramento Kings","9","Gonzaga","2016 Rnd 1 Pick 11","United States","Lithuania"
"31","Tidjane Salaun","F","6-10","207","20","Charlotte Hornets","1","Cholet Basket (France)","2024 Rnd 1 Pick 6","France"
"45","Hunter Sallis","SG","6-4","185","23","Philadelphia Sixers","0","Wake Forest","2025 NBA Draft, Undrafted","United States"
"4","Kobe Sanders","F","6-8","207","25","Los Angeles Clippers","0","Nevada","2025 Rnd 2 Pick 20","United States"
"15","Gui Santos","GF","6-7","185","23","Golden State Warriors","2","Minas (Brazil)","2022 Rnd 2 Pick 25","Brazil","Portugal"
"77","Ben Saraf","G","6-6","200","19","Brooklyn Nets","0","Ratiopharm Ulm (Germany)","2025 Rnd 1 Pick 26","South Africa","Israel"
"20","Dario Saric","SF","6-10","225","31","Sacramento Kings","9","KK Cibona (Croatia)","2014 Rnd 1 Pick 12","Croatia"
"20","Alex Sarr","FC","7-0","205","20","Washington Wizards","1","Perth (Australia)","2024 Rnd 1 Pick 2","France"
"25","Marcus Sasser","G","6-1","195","25","Detroit Pistons","2","Houston","2023 Rnd 1 Pick 25","United States"
"55","Baylor Scheierman","PG","6-6","205","25","Boston Celtics","1","Creighton","2024 Rnd 1 Pick 30","United States"
"17","Dennis Schroder","PG","6-1","175","32","Sacramento Kings","12","Basketball Lowen Braunschweig (Germany)","2013 Rnd 1 Pick 17","Germany"
"19","Mark Sears","G","6-0","185","24","Milwaukee Bucks","0","Alabama","2025 NBA Draft, Undrafted","United States"
"28","Alperen Sengun","C","6-11","243","23","Houston Rockets","4","Besiktas Icrypex (Turkey)","2021 Rnd 1 Pick 16","Turkey"
"28","Brice Sensabaugh","F","6-6","235","22","Utah Jazz","2","Ohio State","2023 Rnd 1 Pick 28","United States"
"8","Collin Sexton","PG","6-3","190","26","Charlotte Hornets","7","Alabama","2018 Rnd 1 Pick 8","United States"
"44","Landry Shamet","PG","6-5","190","28","New York Knicks","7","Wichita State","2018 Rnd 1 Pick 26","United States"
"1","Terrence Shannon Jr.","F","6-6","215","25","Minnesota Timberwolves","1","Illinois","2024 Rnd 1 Pick 27","United States"
"20","Day'Ron Sharpe","PF","6-10","265","24","Brooklyn Nets","4","North Carolina","2021 Rnd 1 Pick 29","United States"
"17","Shaedon Sharpe","F","6-5","210","22","Portland Trail Blazers","3","Kentucky","2022 Rnd 1 Pick 7","Canada"
"23","Jamal Shead","G","6-1","200","23","Toronto Raptors","1","Houston","2024 Rnd 2 Pick 15","United States"
"26","Ben Sheppard","G","6-6","190","24","Indiana Pacers","2","Belmont","2023 Rnd 1 Pick 26","United States"
"15","Reed Sheppard","G","6-2","185","21","Houston Rockets","1","Kentucky","2024 Rnd 1 Pick 3","United States"
"44","Max Shulga","G","6-4","210","24","Boston Celtics","0","VCU","2025 Rnd 2 Pick 27","Ukraine"
"43","Pascal Siakam","F","6-8","245","31","Indiana Pacers","9","New Mexico State","2016 Rnd 1 Pick 27","Cameroon"
"4","Anfernee Simons","SG","6-3","200","26","Boston Celtics","7","IMG Academy (Florida)","2018 Rnd 1 Pick 24","United States"
"25","K.J. Simpson","G","6-2","189","23","Charlotte Hornets","1","Colorado","2024 Rnd 2 Pick 12","United States"
"00","Jericho Sims","C","6-10","250","27","Milwaukee Bucks","4","Texas","2021 Rnd 2 Pick 28","United States"
"10","Javon Small","G","6-1","190","24","Memphis Grizzlies","0","West Virginia","2025 Rnd 2 Pick 18","United States"
"36","Marcus Smart","PG","6-3","220","31","Los Angeles Lakers","11","Oklahoma State","2014 Rnd 1 Pick 6","United States"
"12","Dru Smith","SG","6-2","203","27","Miami Heat","3","Missouri","2021 NBA Draft, Undrafted","United States"
"25","Jalen Smith","C","6-8","215","25","Chicago Bulls","5","Maryland","2020 Rnd 1 Pick 10","United States"
"10","Jabari Smith Jr.","F","6-11","220","22","Houston Rockets","3","Auburn","2022 Rnd 1 Pick 3","United States"
"20","Nick Smith Jr.","G","6-2","185","21","Los Angeles Lakers","2","Arkansas","2023 Rnd 1 Pick 27","United States"
"35","Tolu Smith","F","6-11","250","25","Detroit Pistons","1","Mississippi State","2024 NBA Draft, Undrafted","United States"
"10","Jeremy Sochan","SG","6-8","230","22","San Antonio Spurs","3","Baylor","2022 Rnd 1 Pick 9","United States","Poland"
"12","Thomas Sorber","FC","6-9","250","19","Oklahoma City Thunder","0","Georgetown","2025 Rnd 1 Pick 15","United States"
"24","Cam Spencer","SG","6-3","205","25","Memphis Grizzlies","1","UConn","2024 Rnd 2 Pick 23","United States"
"61","Pat Spencer","G","6-2","205","29","Golden State Warriors","2","Northwestern","2020 NBA Draft, Undrafted","United States","Cape Verde"
"24","Isaiah Stevens","PG","5-11","185","25","Sacramento Kings","1","Colorado State","2024 NBA Draft, Undrafted","United States"
"28","Isaiah Stewart II","C","6-8","250","24","Detroit Pistons","5","Washington","2020 Rnd 1 Pick 16","United States"
"3","Julian Strawther","GF","6-6","205","23","Denver Nuggets","2","Gonzaga","2023 Rnd 1 Pick 29","United States","Puerto Rico"
"1","Max Strus","G","6-5","215","29","Cleveland Cavaliers","6","DePaul","2019 NBA Draft, Undrafted","United States"
"4","Jalen Suggs","SG","6-5","205","24","Orlando Magic","4","Gonzaga","2021 Rnd 1 Pick 5","United States"
"8","Jae'sean Tate","F","6-4","230","30","Houston Rockets","5","Ohio State","2018 NBA Draft, Undrafted","United States"
"0","Jayson Tatum","SF","6-8","210","27","Boston Celtics","8","Duke","2017 Rnd 1 Pick 3","United States"
"19","Jahmyl Telfort","SF","6-7","225","24","Los Angeles Clippers","0","Butler","2025 NBA Draft, Undrafted","Canada"
"17","Garrett Temple","G","6-5","195","39","Toronto Raptors","15","LSU","2009 NBA Draft, Undrafted","United States"
"7","Dalen Terry","PG","6-6","195","23","Chicago Bulls","3","Arizona","2022 Rnd 1 Pick 18","United States"
"1","Adou Thiero","G","6-7","220","21","Los Angeles Lakers","0","Arkansas","2025 Rnd 2 Pick 6","United States"
"24","Cam Thomas","PG","6-3","210","24","Brooklyn Nets","4","LSU","2021 Rnd 1 Pick 27","United States"
"1","Amen Thompson","G","6-7","200","22","Houston Rockets","2","Overtime Elite (Georgia)","2023 Rnd 1 Pick 4","United States"
"9","Ausar Thompson","G","6-7","205","22","Detroit Pistons","2","Overtime Elite (Georgia)","2023 Rnd 1 Pick 5","United States"
"31","Klay Thompson","G","6-5","220","35","Dallas Mavericks","14","Washington State","2011 Rnd 1 Pick 11","United States"
"4","Matisse Thybulle","SF","6-5","202","28","Portland Trail Blazers","6","Washington","2019 Rnd 1 Pick 20","United States","Australia"
"26","Xavier Tillman Sr.","PF","6-8","245","26","Boston Celtics","5","Michigan State","2020 Rnd 2 Pick 5","United States"
"17","Drew Timme","F","6-9","235","25","Los Angeles Lakers","1","Gonzaga","2023 NBA Draft, Undrafted","United States"
"30","Nae'qwan Tomlin","F","6-8","210","24","Cleveland Cavaliers","1","Memphis","2024 NBA Draft, Undrafted","United States"
"17","John Tonje","GF","6-4","218","25","Utah Jazz","0","Wisconsin","2025 Rnd 2 Pick 23","United States","Cameroon"
"22","Alex Toohey","F","6-8","223","22","Golden State Warriors","0","Sydney (Australia)","2025 Rnd 2 Pick 22","Australia"
"44","Nikola Topic","PG","6-6","200","20","Oklahoma City Thunder","1","KK Crvena Zvezda (Serbia)","2024 Rnd 1 Pick 12","Serbia"
"0","Jacob Toppin","SF","6-9","200","25","Atlanta Hawks","2","Kentucky","2023 NBA Draft, Undrafted","United States"
"1","Obi Toppin","F","6-9","220","27","Indiana Pacers","5","Dayton","2020 Rnd 1 Pick 8","United States"
"32","Karl-Anthony Towns","C","7-0","248","30","New York Knicks","10","Kentucky","2015 Rnd 1 Pick 1","United States","Dominican Republic"
"88","Nolan Traore","F","6-3","185","19","Brooklyn Nets","0","Centre Federal Du Basket-Ball (France)","2025 Rnd 1 Pick 19","France"
"33","Luke Travers","F","6-6","207","24","Cleveland Cavaliers","1","Perth (Australia)","2022 Rnd 2 Pick 26","Australia"
"5","Gary Trent Jr.","SG","6-5","204","26","Milwaukee Bucks","7","Duke","2018 Rnd 2 Pick 7","United States"
"34","Oscar Tshiebwe","F","6-8","255","26","Utah Jazz","2","Kentucky","2023 NBA Draft, Undrafted","Democratic Republic of the Congo"
"3","Myles Turner","FC","6-11","250","29","Milwaukee Bucks","10","Texas","2015 Rnd 1 Pick 11","United States"
"5","Hunter Tyson","SF","6-8","215","25","Denver Nuggets","2","Clemson","2023 Rnd 2 Pick 7","United States"
"20","Jaylon Tyson","F","6-6","215","22","Cleveland Cavaliers","1","California","2024 Rnd 1 Pick 20","United States"
"17","Jonas Valanciunas","C","6-11","265","33","Denver Nuggets","13","Lietuvos Rytas (Lithuania)","2011 Rnd 1 Pick 5","Lithuania"
"5","Fred VanVleet","G","6-0","197","31","Houston Rockets","9","Wichita State","2016 NBA Draft, Undrafted","United States"
"2","Jarred Vanderbilt","PF","6-8","214","26","Los Angeles Lakers","7","Kentucky","2018 Rnd 2 Pick 11","United States"
"24","Devin Vassell","SG","6-5","200","25","San Antonio Spurs","5","Florida State","2020 Rnd 1 Pick 11","United States"
"7","Gabe Vincent","G","6-2","200","29","Los Angeles Lakers","6","UC Santa Barbara","2018 NBA Draft, Undrafted","United States","Nigeria"
"9","Nikola Vucevic","PF","6-9","260","35","Chicago Bulls","14","USC","2011 Rnd 1 Pick 16","Switzerland","Montenegro"
"00","Tristan Vukcevic","F","7-0","220","22","Washington Wizards","2","KK Partizan (Serbia)","2023 Rnd 2 Pick 12","Italy","Serbia"
"32","Dean Wade","PF","6-9","228","29","Cleveland Cavaliers","6","Kansas State","2019 NBA Draft, Undrafted","United States"
"22","Franz Wagner","SF","6-10","220","24","Orlando Magic","4","Michigan","2021 Rnd 1 Pick 8","Germany"
"21","Moe Wagner","PF","6-11","245","28","Orlando Magic","7","Michigan","2018 Rnd 1 Pick 25","Germany"
"33","Jabari Walker","F","6-7","237","23","Philadelphia Sixers","3","Colorado","2022 Rnd 2 Pick 27","United States"
"5","Jarace Walker","G","6-7","235","22","Indiana Pacers","2","Houston","2023 Rnd 1 Pick 8","United States"
"22","Cason Wallace","G","6-3","195","22","Oklahoma City Thunder","2","Kentucky","2023 Rnd 1 Pick 10","United States"
"2","Keaton Wallace","G","6-3","185","26","Atlanta Hawks","2","Texas-San Antonio","2021 NBA Draft, Undrafted","United States"
"27","Jordan Walsh","F","6-6","205","21","Boston Celtics","2","Arkansas","2023 Rnd 2 Pick 8","United States"
"14","Ja'Kobe Walter","F","6-4","180","21","Toronto Raptors","1","Baylor","2024 Rnd 1 Pick 19","United States"
"7","Kel'el Ware","PF","7-0","230","21","Miami Heat","1","Indiana","2024 Rnd 1 Pick 15","United States"
"25","P.J. Washington","PF","6-7","230","27","Dallas Mavericks","6","Kentucky","2019 Rnd 1 Pick 12","United States"
"43","Lindy Waters III","SG","6-5","210","28","San Antonio Spurs","4","Oklahoma State","2020 NBA Draft, Undrafted","United States"
"12","Trendon Watford","SF","6-8","237","25","Philadelphia Sixers","4","LSU","2021 NBA Draft, Undrafted","United States"
"5","Jamir Watkins","F","6-6","210","24","Washington Wizards","0","Florida State","2025 Rnd 2 Pick 13","United States"
"8","Peyton Watson","GF","6-8","200","23","Denver Nuggets","3","UCLA","2022 Rnd 1 Pick 30","United States"
"0","Jaylen Wells","F","6-7","206","22","Memphis Grizzlies","1","Washington State","2024 Rnd 2 Pick 9","United States"
"1","Victor Wembanyama","F","7-4","235","21","San Antonio Spurs","2","Boulogne-Levallois (France)","2023 Rnd 1 Pick 1","France"
"1","Blake Wesley","SG","6-4","190","22","Portland Trail Blazers","3","Notre Dame","2022 Rnd 1 Pick 25","United States"
"18","Russell Westbrook","G","6-4","200","37","Sacramento Kings","17","UCLA","2008 Rnd 1 Pick 4","United States"
"0","Coby White","PG","6-4","195","25","Chicago Bulls","6","North Carolina","2019 Rnd 1 Pick 7","United States"
"9","Derrick White","G","6-4","190","31","Boston Celtics","8","Colorado","2017 Rnd 1 Pick 29","United States"
"1","Cam Whitmore","F","6-6","230","21","Washington Wizards","2","Villanova","2023 Rnd 1 Pick 20","United States"
"21","Aaron Wiggins","F","6-5","190","26","Oklahoma City Thunder","4","Maryland","2021 Rnd 2 Pick 25","United States"
"22","Andrew Wiggins","F","6-6","197","30","Miami Heat","11","Kansas","2014 Rnd 1 Pick 1","Canada"
"77","Amari Williams","PF","6-11","250","24","Boston Celtics","0","Kentucky","2025 Rnd 2 Pick 16","England"
"10","Brandon Williams","PG","6-1","190","26","Dallas Mavericks","3","Arizona","2021 NBA Draft, Undrafted","United States"
"5","Cody Williams","F","6-8","190","21","Utah Jazz","1","Colorado","2024 Rnd 1 Pick 10","United States"
"2","Grant Williams","SF","6-7","236","26","Charlotte Hornets","6","Tennessee","2019 Rnd 1 Pick 22","United States"
"8","Jalen Williams","G","6-5","211","24","Oklahoma City Thunder","3","Santa Clara","2022 Rnd 1 Pick 12","United States"
"6","Jaylin Williams","C","6-9","240","23","Oklahoma City Thunder","3","Arkansas","2022 Rnd 2 Pick 4","United States"
"5","Vincent Williams Jr.","SF","6-4","205","25","Memphis Grizzlies","3","VCU","2022 Rnd 2 Pick 17","United States"
"34","Kenrich Williams","SF","6-7","210","30","Oklahoma City Thunder","7","TCU","2018 NBA Draft, Undrafted","United States"
"15","Mark Williams","C","7-1","240","23","Phoenix Suns","3","Duke","2022 Rnd 1 Pick 15","United States"
"44","Patrick Williams","G","6-6","215","24","Chicago Bulls","5","Florida State","2020 Rnd 1 Pick 4","United States"
"35","Robert Williams","PF","6-9","249","28","Portland Trail Blazers","7","Texas A&M","2018 Rnd 1 Pick 27","United States"
"1","Ziaire Williams","F","6-9","185","24","Brooklyn Nets","4","Stanford","2021 Rnd 1 Pick 10","United States"
"1","Zion Williamson","PF","6-6","284","25","New Orleans Pelicans","6","Duke","2019 Rnd 1 Pick 1","United States"
"22","Jalen Wilson","F","6-6","220","25","Brooklyn Nets","2","Kansas","2023 Rnd 2 Pick 21","United States"
"2","Danny Wolf","C","6-11","250","21","Brooklyn Nets","0","Michigan","2025 Rnd 1 Pick 27","United States","Israel"
"28","Guerschon Yabusele","PF","6-7","265","29","New York Knicks","3","Rouen Metropole Basket (France)","2016 Rnd 1 Pick 16","France"
"17","Jahmir Young","PG","6-0","185","25","Miami Heat","1","Maryland","2024 NBA Draft, Undrafted","United States"
"11","Trae Young","PG","6-2","164","27","Atlanta Hawks","7","Oklahoma","2018 Rnd 1 Pick 5","United States"
"3","Chris Youngblood","SG","6-4","221","23","Oklahoma City Thunder","0","Alabama","2025 NBA Draft, Undrafted","United States"
"44","Rocco Zikarsky","C","7-3","227","20","Minnesota Timberwolves","0","Brisbane (Australia)","2025 Rnd 2 Pick 15","Australia"
"40","Ivica Zubac","C","7-0","240","28","Los Angeles Clippers","9","KK Mega Bemax (Serbia)","2016 Rnd 2 Pick 2","Bosnia and Herzegovina","Croatia"